Lineage,SACOL1908,SACOL2725,SACOL0451
44,,6,5
11,1,1,
20,4,5,
51,2,3,2
46,3,10,3
5,6,45,
23,,,9
4,11,19,13
32,12,14,14
48,,17,142
60,,20,20
54,,23,23
50,,21,21
25,15,,17
38,18,22,
15,20,24,24
27,21,285,25
39,,,26
47,,29,27
7,,30,28
12,26,33,
16,,35,31
57,29,,34
14,31,41,39
8,,36,32
9,30,,35
10,32,,40
45,,49,48
42,,51,
6,,115,52
18,,,61
33,44,65,65
0,,,69
59,,75,
19,55,166,75
17,57,85,102
24,,92,83
41,,,93
40,,,100
30,,128,
28,90,136,
49,,144,
13,,,134
21,,176,151
58,,194,
26,123,187,
22,,189,180
53,,,165
1,,195,
2,,207,188
29,,246,215
3,,,240
52,,,267
43,,,278
34,,,287
31,,,291
55,,,293
37,,,296
36,251,,
56,,380,
35,,,375
